{
  "metadata": {
    "analysisTime": "2025-09-21T19:19:41.794Z",
    "totalSessions": 122,
    "activeSessions": 91,
    "methods": [
      "Moving Average",
      "Time Buckets",
      "Linear Regression",
      "Mann-Kendall",
      "Quartile Analysis"
    ]
  },
  "results": {
    "movingAverage": {
      "firstQuarter": 0.059885282991647595,
      "lastQuarter": 0.006383003765081433,
      "change": -0.05350227922656616,
      "trend": "Decreasing"
    },
    "timeBuckets": {
      "buckets": [
        {
          "time": 1758412800000,
          "average": 0.12642575086867516,
          "count": 8,
          "values": [
            -0.07582978723404264,
            0.268859060402685,
            0.09187919463087242,
            0.41288590604026887,
            -0.011100000000000018,
            -0.1538590604026848,
            0.46060402684563584,
            0.017966666666666666
          ]
        },
        {
          "time": 1758414600000,
          "average": 0.054015904395841995,
          "count": 20,
          "values": [
            -0.19203333333333308,
            -0.01649659863945572,
            -0.09442953020134202,
            0.03389261744966447,
            -0.1496644295302012,
            -0.048288590604027626,
            0.007885906040268457,
            0.23151006711409394,
            0.08285234899328865,
            -0.17087542087542062,
            0.5135234899328857,
            0.0888590604026847,
            -0.13768456375838942,
            -0.15758389261744932,
            0.1639597315436247,
            0.15255033557047,
            0.5651999999999974,
            -0.02543624161073832,
            0.2239194139194138,
            0.008657718120805439
          ]
        },
        {
          "time": 1758416400000,
          "average": -0.03744812093065634,
          "count": 18,
          "values": [
            0.2766778523489933,
            0.022382550335570402,
            0.011633333333333346,
            0.18279069767441863,
            0.252350597609561,
            0.12087999999999996,
            -0.8168666666666665,
            0.3154000000000017,
            -0.20483333333333384,
            0.6256333333333334,
            -0.6779333333333355,
            -0.4501677852348986,
            0.17375838926174486,
            -0.31557046979865766,
            -0.2829865771812078,
            -0.2327852348993288,
            0.14573825503355714,
            0.17983221476510086
          ]
        },
        {
          "time": 1758418200000,
          "average": -0.07180922410014245,
          "count": 11,
          "values": [
            0.15070469798657715,
            0.4069999999999986,
            -0.003067729083665416,
            -0.11084000000000029,
            0.028366666666667064,
            0.07876666666666637,
            -0.09589999999999829,
            -0.005400000000000007,
            -0.05976510067114092,
            -0.7809000000000039,
            -0.3988666666666673
          ]
        },
        {
          "time": 1758420000000,
          "average": 0.11796587197684455,
          "count": 13,
          "values": [
            -0.2946979865771816,
            0.12694630872483267,
            0.17024193548387095,
            0.589798657718121,
            0.05221476510067108,
            -0.0680478087649402,
            0.31988,
            -0.07876494023904447,
            0.3300934579439252,
            0.041000000000000036,
            0.1284666666666672,
            0.09263333333333326,
            0.12379194630872375
          ]
        },
        {
          "time": 1758421800000,
          "average": 0.06639662192393732,
          "count": 10,
          "values": [
            0.20526845637583882,
            0.04680000000000014,
            -0.1439261744966439,
            0.0969463087248326,
            -0.010766666666666657,
            0.7079999999999991,
            -0.2348993288590605,
            -0.12902684563758388,
            0.37231543624161,
            -0.24674496644295255
          ]
        },
        {
          "time": 1758423600000,
          "average": -0.07680500224307868,
          "count": 6,
          "values": [
            -0.14177852348993322,
            -0.2818456375838935,
            -0.05050335570469808,
            0.11729083665338665,
            -0.1297600000000002,
            0.025766666666666348
          ]
        },
        {
          "time": 1758425400000,
          "average": -0.13112371320088761,
          "count": 4,
          "values": [
            0.2293200000000001,
            -0.12454183266932267,
            -0.8213199999999997,
            0.19204697986577185
          ]
        },
        {
          "time": 1758427200000,
          "average": 0.11932270916334663,
          "count": 1,
          "values": [
            0.11932270916334663
          ]
        }
      ],
      "regression": {
        "slope": -0.008738982270204467,
        "intercept": 0.05350490662013793,
        "rSquared": 0.05873220081056951
      },
      "trend": "Decreasing"
    },
    "linearRegression": {
      "slope": -0.0009849898277086314,
      "intercept": 0.06585505709142178,
      "rSquared": 0.00842840840682213,
      "trend": "Decreasing"
    },
    "mannKendall": {
      "s": -159,
      "z": -0.5416647643424194,
      "trend": "No trend",
      "confidence": 41.19507307874226
    },
    "quartiles": {
      "q1": 0.04558514260557582,
      "q2": 0.00405519595423185,
      "q3": 0.031060608822152082,
      "q4": 0.007354240337976872,
      "totalChange": -0.03823090226759895,
      "trend": "Decreasing"
    }
  },
  "consensus": {
    "trend": "Decreasing",
    "agreement": "4/5",
    "breakdown": {
      "Increasing": 0,
      "Decreasing": 4,
      "Stable": 0,
      "No trend": 1
    }
  }
}